"Lab_number","State","Water_body","Location","Station_ID","Sample_Date","Sample_Year","Sample_Month","Veligers_Observed","Veligers_L","Microscopy_result","QuaggaMusselPCRType","ZebraMusselPCRType","DNASequencingResultType"
210021,"AZ","Bartlett Reservoir","BOATERS CAMPGROUND","B-BC",2021-02-02,"2021","February","0","0","Negative","Negative","Negative","Not Tested"
210022,"AZ","Bartlett Reservoir","DAM","B-D",2021-02-02,"2021","February","0","0","Negative","Negative","Negative","Not Tested"
210023,"AZ","Bartlett Reservoir","MARINA","B-M",2021-02-02,"2021","February","0","0","Negative","Negative","Negative","Not Tested"
210024,"AZ","Bartlett Reservoir","BOAT RAMP","B-MBL",2021-02-02,"2021","February","0","0","Negative","Negative","Negative","Not Tested"
210027,"AZ","Theodore Roosevelt Lake","WINDY HILL","R-WH",2021-02-02,"2021","February","0","0","Negative","Negative","Negative","Not Tested"
210028,"AZ","Theodore Roosevelt Lake","MARINA","R-M",2021-02-02,"2021","February","0","0","Negative","Negative","Negative","Not Tested"
210029,"AZ","Theodore Roosevelt Lake","DAM","R-D",2021-02-02,"2021","February","0","0","Negative","Negative","Negative","Not Tested"
210030,"AZ","Theodore Roosevelt Lake","CHOLLA RECREATION SITE","R-CRS",2021-02-02,"2021","February","0","0","Negative","Negative","Negative","Not Tested"
210055,"AZ","Apache Lake","DAM","A-D",2021-02-02,"2021","February","0","0","Negative","Not Tested","Not Tested","Not Tested"
210056,"AZ","Apache Lake","DAM 5 M","A-D",2021-02-02,"2021","February","926","0.52400880818878248","Positive","Not Tested","Not Tested","Not Tested"
210057,"AZ","Apache Lake","MARINA","A-M",2021-02-02,"2021","February","13370","2.5219574389791299","Positive","Not Tested","Not Tested","Not Tested"
210058,"AZ","Apache Lake","BURNT HORSE CORRAL","A-BHC",2021-02-02,"2021","February","2450","0.36484641925159633","Positive","Not Tested","Not Tested","Not Tested"
210059,"AZ","Apache Lake","THREE MILE","A-TMI",2021-02-02,"2021","February","3470","1.4025845143590523","Positive","Not Tested","Not Tested","Not Tested"
210060,"AZ","Granite Reef Diversion Dam","DOCK","GR-D",2021-02-03,"2021","February","0","0","Negative","Positive","Negative","Not Tested"
210063,"AZ","Saguaro Lake","BOATERS CAMPGROUND","S-BC",2021-02-03,"2021","February","1118","0.45189898762346409","Positive","Not Tested","Not Tested","Not Tested"
210064,"AZ","Saguaro Lake","MARINA","S-MD",2021-02-03,"2021","February","0","0","Negative","Not Tested","Not Tested","Not Tested"
210065,"AZ","Saguaro Lake","BOAT RAMP","S-BR",2021-02-03,"2021","February","6","2.425218180447929E-3","Positive","Not Tested","Not Tested","Not Tested"
210066,"AZ","Canyon Lake","BELOW DAM","C-BD",2021-02-03,"2021","February","3610","5.1071052849932643","Positive","Not Tested","Not Tested","Not Tested"
210067,"AZ","Canyon Lake","BEER CAN FLATS","C-BCF",2021-02-03,"2021","February","5350","2.5229005793826369","Positive","Not Tested","Not Tested","Not Tested"
210068,"AZ","Canyon Lake","DAM  0-5 M","C-D",2021-02-03,"2021","February","400","0.2263536968418067","Positive","Not Tested","Not Tested","Not Tested"
210069,"AZ","Canyon Lake","DAM  5-29 M","C-D",2021-02-03,"2021","February","1015","0.10256651888144366","Positive","Not Tested","Not Tested","Not Tested"
210070,"AZ","Canyon Lake","MARINA","C-M",2021-02-03,"2021","February","438","0.24785729804177833","Positive","Not Tested","Not Tested","Not Tested"
210080,"AZ","Bartlett Reservoir","BOATERS CAMPGROUND","B-BC",2021-03-03,"2021","March","0","0","Negative","Negative","Negative","Not Tested"
210081,"AZ","Bartlett Reservoir","DAM","B-D",2021-03-03,"2021","March","0","0","Negative","Negative","Negative","Not Tested"
210082,"AZ","Bartlett Reservoir","MARINA","B-M",2021-03-03,"2021","March","0","0","Negative","Negative","Negative","Not Tested"
210083,"AZ","Bartlett Reservoir","BOAT RAMP","B-MBL",2021-03-03,"2021","March","0","0","Negative","Negative","Negative","Not Tested"
210086,"AZ","Theodore Roosevelt Lake","WINDY HILL","R-WH",2021-03-03,"2021","March","0","0","Negative","Negative","Negative","Not Tested"
210087,"AZ","Theodore Roosevelt Lake","MARINA","R-M",2021-03-03,"2021","March","0","0","Negative","Negative","Negative","Not Tested"
210088,"AZ","Theodore Roosevelt Lake","DAM","R-D",2021-03-03,"2021","March","0","0","Negative","Negative","Negative","Not Tested"
210089,"AZ","Theodore Roosevelt Lake","CHOLLA RECREATION SITE","R-CRS",2021-03-03,"2021","March","0","0","Negative","Negative","Negative","Not Tested"
210090,"AZ","Apache Lake","DAM","A-D",2021-03-03,"2021","March","8550","Missing","Positive","Not Tested","Not Tested","Not Tested"
210091,"AZ","Apache Lake","DAM 5 M","A-D",2021-03-03,"2021","March","324","Missing","Positive","Not Tested","Not Tested","Not Tested"
210092,"AZ","Apache Lake","MARINA","A-M",2021-03-03,"2021","March","832","Missing","Positive","Not Tested","Not Tested","Not Tested"
210093,"AZ","Apache Lake","BURNT HORSE CORRAL","A-BHC",2021-03-03,"2021","March","103","Missing","Positive","Not Tested","Not Tested","Not Tested"
210094,"AZ","Apache Lake","THREE MILE","A-TMI",2021-03-03,"2021","March","681","Missing","Positive","Not Tested","Not Tested","Not Tested"
210095,"AZ","Granite Reef Diversion Dam","DOCK","GR-D",2021-03-03,"2021","March","0","0","Negative","Negative","Negative","Not Tested"
210098,"AZ","Saguaro Lake","BOATERS CAMPGROUND","S-BC",2021-03-04,"2021","March","64","2.586899392477791E-2","Positive","Not Tested","Not Tested","Not Tested"
210099,"AZ","Saguaro Lake","MARINA","S-MD",2021-03-04,"2021","March","153","1.5460765900355547E-2","Positive","Not Tested","Not Tested","Not Tested"
210100,"AZ","Saguaro Lake","BOAT RAMP","S-BR",2021-03-04,"2021","March","0","0","Negative","Not Tested","Not Tested","Not Tested"
210101,"AZ","Canyon Lake","BELOW DAM","C-BD",2021-03-04,"2021","March","3550","5.0222226486775865","Positive","Not Tested","Not Tested","Not Tested"
210102,"AZ","Canyon Lake","BEER CAN FLATS","C-BCF",2021-03-04,"2021","March","748","0.42328141309417855","Positive","Not Tested","Not Tested","Not Tested"
210103,"AZ","Canyon Lake","DAM  0-5 M","C-D",2021-03-04,"2021","March","14","3.9611896947316177E-2","Positive","Not Tested","Not Tested","Not Tested"
210104,"AZ","Canyon Lake","DAM  5-29 M","C-D",2021-03-04,"2021","March","1958","0.92333445503386979","Positive","Not Tested","Not Tested","Not Tested"
210105,"AZ","Canyon Lake","MARINA","C-M",2021-03-04,"2021","March","604","0.42724260278891019","Positive","Not Tested","Not Tested","Not Tested"
210210,"AZ","Bartlett Reservoir","BOATERS CAMPGROUND","B-BC",2021-04-20,"2021","April","0","0","Negative","Negative","Negative","Not Tested"
210211,"AZ","Bartlett Reservoir","DAM","B-D",2021-04-20,"2021","April","0","0","Negative","Negative","Negative","Not Tested"
210212,"AZ","Bartlett Reservoir","MARINA","B-M",2021-04-20,"2021","April","0","0","Negative","Negative","Negative","Not Tested"
210213,"AZ","Bartlett Reservoir","MAIN BOAT LAUNCH","B-MBL",2021-04-20,"2021","April","0","0","Negative","Negative","Negative","Not Tested"
210215,"AZ","Theodore Roosevelt Lake","WINDY HILL","R-WH",2021-04-21,"2021","April","0","0","Negative","Negative","Negative","Not Tested"
210216,"AZ","Theodore Roosevelt Lake","MARINA","R-M",2021-04-21,"2021","April","0","0","Negative","Negative","Negative","Not Tested"
210217,"AZ","Theodore Roosevelt Lake","CHOLLA RECREATION SITE","R-CRS",2021-04-21,"2021","April","0","0","Negative","Negative","Negative","Not Tested"
210218,"AZ","Theodore Roosevelt Lake","DAM","R-D",2021-04-21,"2021","April","0","0","Negative","Negative","Negative","Not Tested"
210223,"AZ","Apache Lake","THREE MILE","A-TMI",2021-04-21,"2021","April","7","1.4147106052612918E-3","Positive","Not Tested","Not Tested","Not Tested"
210224,"AZ","Apache Lake","BURNT HORSE CORRAL","A-BHC",2021-04-21,"2021","April","14","3.9611896947316172E-3","Positive","Not Tested","Not Tested","Not Tested"
210225,"AZ","Apache Lake","MARINA","A-M",2021-04-21,"2021","April","52","1.4712990294717435E-2","Positive","Not Tested","Not Tested","Not Tested"
210226,"AZ","Granite Reef Diversion Dam","DOCK","GR-D",2021-04-22,"2021","April","1","2.8294212105225839E-4","Positive","Not Tested","Not Tested","Not Tested"
210227,"AZ","Saguaro Lake","BOATERS CAMPGROUND","S-BC",2021-04-22,"2021","April","63","2.5464790894703253E-2","Positive","Not Tested","Not Tested","Not Tested"
210228,"AZ","Saguaro Lake","MARINA","S-MD",2021-04-22,"2021","April","3883","0.45777677335246636","Positive","Not Tested","Not Tested","Not Tested"
210229,"AZ","Saguaro Lake","BOAT RAMP","S-BR",2021-04-22,"2021","April","114","4.031925224994682E-2","Positive","Not Tested","Not Tested","Not Tested"
210230,"AZ","Canyon Lake","BELOW DAM","C-BD",2021-04-22,"2021","April","392","0.22182662290497057","Positive","Not Tested","Not Tested","Not Tested"
210231,"AZ","Canyon Lake","BEER CAN FLATS","C-BCF",2021-04-22,"2021","April","152","8.6014404799886549E-2","Positive","Not Tested","Not Tested","Not Tested"
210232,"AZ","Canyon Lake","DAM 0-4M","C-D",2021-04-22,"2021","April","6","4.2441318157838762E-3","Positive","Not Tested","Not Tested","Not Tested"
210233,"AZ","Canyon Lake","DAM 29-4M","C-D",2021-04-22,"2021","April","11860","1.3982056481999101","Positive","Not Tested","Not Tested","Not Tested"
210234,"AZ","Canyon Lake","MARINA","C-M",2021-04-22,"2021","April","25050","5.4520770248915937","Positive","Not Tested","Not Tested","Not Tested"
210319,"AZ","Bartlett Reservoir","BOATERS CAMPGROUND","B-BC",2021-05-18,"2021","May","0","0","Negative","Negative","Negative","Not Tested"
210320,"AZ","Bartlett Reservoir","DAM","B-D",2021-05-18,"2021","May","0","0","Negative","Negative","Negative","Not Tested"
210321,"AZ","Bartlett Reservoir","MARINA","B-M",2021-05-18,"2021","May","0","0","Negative","Negative","Negative","Not Tested"
210322,"AZ","Bartlett Reservoir","MAIN BOAT LAUNCH","B-MBL",2021-05-18,"2021","May","0","0","Negative","Negative","Negative","Not Tested"
210323,"AZ","Theodore Roosevelt Lake","WINDY HILL","R-WH",2021-05-18,"2021","May","0","0","Negative","Negative","Negative","Not Tested"
210324,"AZ","Theodore Roosevelt Lake","MARINA","R-M",2021-05-18,"2021","May","0","0","Negative","Negative","Negative","Not Tested"
210325,"AZ","Theodore Roosevelt Lake","DAM","R-D",2021-05-18,"2021","May","0","0","Negative","Negative","Negative","Not Tested"
210326,"AZ","Theodore Roosevelt Lake","CHOLLA RECREATION SITE","R-CRS",2021-05-18,"2021","May","0","0","Negative","Negative","Negative","Not Tested"
210327,"AZ","Granite Reef Diversion Dam","DOCK","GR-D",2021-05-19,"2021","May","14","Missing","Positive","Negative","Negative","Not Tested"
210328,"AZ","Apache Lake","Dam (0-5M)","A-D",2021-05-18,"2021","May","6","3.3953054526271007E-3","Positive","Not Tested","Not Tested","Not Tested"
210329,"AZ","Apache Lake","Dam (5-30M)","A-D",2021-05-18,"2021","May","643","0.36386356767320427","Positive","Not Tested","Not Tested","Not Tested"
210330,"AZ","Apache Lake","MARINA","A-M",2021-05-18,"2021","May","5100","1.4430048173665178","Positive","Not Tested","Not Tested","Not Tested"
210331,"AZ","Apache Lake","BURNT HORSE CORRAL","A-BHC",2021-05-18,"2021","May","71","1.6740742162258619E-2","Positive","Not Tested","Not Tested","Not Tested"
210332,"AZ","Apache Lake","THREE MILE","A-TMI",2021-05-18,"2021","May","11","2.3941256396729552E-3","Positive","Not Tested","Not Tested","Not Tested"
210333,"AZ","Saguaro Lake","BOATER CAMPGROUND","S-BC",2021-05-19,"2021","May","1398","0.5650758360443674","Positive","Not Tested","Not Tested","Not Tested"
210334,"AZ","Saguaro Lake","MARINA","S-MD",2021-05-19,"2021","May","0","0","Negative","Not Tested","Not Tested","Not Tested"
210335,"AZ","Saguaro Lake","BOAT RAMP","S-BR",2021-05-19,"2021","May","347","0.14025845143590523","Positive","Not Tested","Not Tested","Not Tested"
210336,"AZ","Canyon Lake","BELOW DAM","C-BD",2021-05-19,"2021","May","349","0.32915600082412722","Positive","Not Tested","Not Tested","Not Tested"
210337,"AZ","Canyon Lake","BEER CAN FLATS","C-BCF",2021-05-19,"2021","May","17114","8.0704524328139158","Positive","Not Tested","Not Tested","Not Tested"
210338,"AZ","Canyon Lake","DAM 0-4M","C-D",2021-05-19,"2021","May","780","0.84882636315677518","Positive","Not Tested","Not Tested","Not Tested"
210339,"AZ","Canyon Lake","DAM 4-29M","C-D",2021-05-19,"2021","May","8830","9.6091497265055441","Positive","Not Tested","Not Tested","Not Tested"
210340,"AZ","Canyon Lake","MARINA","C-M",2021-05-19,"2021","May","7960","1.6087280596971263","Positive","Not Tested","Not Tested","Not Tested"
211124,"AZ","Bartlett Reservoir","BOATERS CAMPGROUND","B-BC",2021-07-25,"2021","July","0","0","Negative","Negative","Negative","Not Tested"
211125,"AZ","Bartlett Reservoir","DAM","B-D",2021-07-25,"2021","July","0","0","Negative","Negative","Negative","Not Tested"
211126,"AZ","Bartlett Reservoir","MARINA","B-M",2021-07-25,"2021","July","0","0","Negative","Negative","Negative","Not Tested"
211127,"AZ","Bartlett Reservoir","BOAT RAMP","B-MBL",2021-07-25,"2021","July","0","0","Negative","Negative","Negative","Not Tested"
211129,"AZ","Theodore Roosevelt Lake","WINDY HILL","R-WH",2021-07-25,"2021","July","0","0","Negative","Negative","Negative","Not Tested"
211130,"AZ","Theodore Roosevelt Lake","MARINA","R-M",2021-07-25,"2021","July","0","0","Negative","Negative","Negative","Not Tested"
211131,"AZ","Theodore Roosevelt Lake","DAM","R-D",2021-07-25,"2021","July","0","0","Negative","Negative","Negative","Not Tested"
211132,"AZ","Theodore Roosevelt Lake","CHOLLA RECREATION SITE","R-CRS",2021-07-25,"2021","July","0","0","Negative","Negative","Negative","Not Tested"
211134,"AZ","Apache Lake","DAM","A-D",2021-07-26,"2021","July","276","0.78092025410423316","Positive","Not Tested","Not Tested","Not Tested"
211135,"AZ","Apache Lake","DAM 5 M","A-D",2021-07-26,"2021","July","373","0.17589568525415394","Positive","Not Tested","Not Tested","Not Tested"
211136,"AZ","Apache Lake","MARINA","A-M",2021-07-26,"2021","July","184","4.7328500248741405E-2","Positive","Not Tested","Not Tested","Not Tested"
211137,"AZ","Apache Lake","BURNT HORSE CORRAL","A-BHC",2021-07-26,"2021","July","449","7.9400632720290007E-2","Positive","Not Tested","Not Tested","Not Tested"
211138,"AZ","Apache Lake","THREE MILE","A-TMI",2021-07-26,"2021","July","2","9.4314040350752782E-4","Positive","Not Tested","Not Tested","Not Tested"
211139,"AZ","Saguaro Lake","BOATERS CAMPGROUND","S-BC",2021-07-27,"2021","July","404","0.19051436150852064","Positive","Not Tested","Not Tested","Not Tested"
211140,"AZ","Saguaro Lake","MARINA","S-MD",2021-07-27,"2021","July","0","0","Negative","Not Tested","Not Tested","Not Tested"
211141,"AZ","Saguaro Lake","BOAT RAMP","S-BR",2021-07-27,"2021","July","0","0","Negative","Not Tested","Not Tested","Not Tested"
211142,"AZ","Granite Reef Diversion Dam","DOCK","GR-D",2021-07-27,"2021","July","0","0","Negative","Negative","Negative","Not Tested"
211144,"AZ","Canyon Lake","BELOW DAM","C-BD",2021-07-27,"2021","July","21","5.9417845420974254E-3","Positive","Not Tested","Not Tested","Not Tested"
211145,"AZ","Canyon Lake","BEER CAN FLATS","C-BCF",2021-07-27,"2021","July","4817","2.725864394217457","Positive","Not Tested","Not Tested","Not Tested"
211146,"AZ","Canyon Lake","DAM 0-5 M","C-D",2021-07-27,"2021","July","254","0.14373459749454726","Positive","Not Tested","Not Tested","Not Tested"
211147,"AZ","Canyon Lake","DAM 5-29 M","C-D",2021-07-27,"2021","July","586","8.2902041468311705E-2","Positive","Not Tested","Not Tested","Not Tested"
211148,"AZ","Canyon Lake","MARINA","C-M",2021-07-27,"2021","July","SAMPLE LOST - NO DATA","N/A",NA,"Not Tested","Not Tested","Not Tested"
211380,"AZ","Bartlett Reservoir","BOATERS CAMPGROUND","B-BC",2021-08-22,"2021","August","0","0","Negative","Negative","Negative","Not Tested"
211381,"AZ","Bartlett Reservoir","DAM","B-D",2021-08-22,"2021","August","0","0","Negative","Negative","Negative","Not Tested"
211382,"AZ","Bartlett Reservoir","MARINA","B-M",2021-08-22,"2021","August","0","0","Negative","Negative","Negative","Not Tested"
211383,"AZ","Bartlett Reservoir","BOAT RAMP","B-MBL",2021-08-22,"2021","August","0","0","Negative","Negative","Negative","Not Tested"
211385,"AZ","Theodore Roosevelt Lake","WINDY HILL","R-WH",2021-08-23,"2021","August","0","0","Negative","Negative","Negative","Not Tested"
211386,"AZ","Theodore Roosevelt Lake","MARINA","R-M",2021-08-23,"2021","August","0","0","Negative","Negative","Negative","Not Tested"
211387,"AZ","Theodore Roosevelt Lake","DAM","R-D",2021-08-23,"2021","August","0","0","Negative","Negative","Negative","Not Tested"
211388,"AZ","Theodore Roosevelt Lake","CHOLLA RECREATION SITE","R-CRS",2021-08-23,"2021","August","0","0","Negative","Negative","Negative","Not Tested"
211390,"AZ","Saguaro Lake","BOATERS CAMPGROUND","S-BC",2021-08-23,"2021","August","3","1.4147106052612918E-3","Positive","Not Tested","Not Tested","Not Tested"
211391,"AZ","Saguaro Lake","MARINA","S-MD",2021-08-23,"2021","August","0","0","Negative","Not Tested","Not Tested","Not Tested"
211392,"AZ","Saguaro Lake","BOAT RAMP","S-BR",2021-08-23,"2021","August","0","0","Negative","Not Tested","Not Tested","Not Tested"
211393,"AZ","Granite Reef Diversion Dam","DOCK","GR-D",2021-08-23,"2021","August","0","0","Negative","Negative","Negative","Not Tested"
211395,"AZ","Canyon Lake","BELOW DAM","C-BD",2021-08-23,"2021","August","0","0","Negative","Not Tested","Not Tested","Not Tested"
211396,"AZ","Canyon Lake","BEER CAN FLATS","C-BCF",2021-08-23,"2021","August","485","0.27445385742069062","Positive","Not Tested","Not Tested","Not Tested"
211397,"AZ","Canyon Lake","DAM 0-5 M","C-D",2021-08-23,"2021","August","1","5.6588424210451678E-4","Positive","Not Tested","Not Tested","Not Tested"
211398,"AZ","Canyon Lake","DAM 5-29 M","C-D",2021-08-23,"2021","August","2","2.8294212105225839E-4","Positive","Not Tested","Not Tested","Not Tested"
211399,"AZ","Canyon Lake","MARINA","C-M",2021-08-23,"2021","August","15","3.5367765131532297E-3","Positive","Not Tested","Not Tested","Not Tested"
211777,"AZ","Bartlett Reservoir","BOATERS CAMPGROUND","B-BC",2021-09-20,"2021","September","0","0","Negative","Negative","Negative","Not Tested"
211778,"AZ","Bartlett Reservoir","DAM","B-D",2021-09-20,"2021","September","0","0","Negative","Negative","Negative","Not Tested"
211779,"AZ","Bartlett Reservoir","MARINA","B-M",2021-09-20,"2021","September","0","0","Negative","Negative","Negative","Not Tested"
211780,"AZ","Bartlett Reservoir","BOAT RAMP","B-MBL",2021-09-20,"2021","September","0","0","Negative","Negative","Negative","Not Tested"
211782,"AZ","Theodore Roosevelt Lake","WINDY HILL","R-WH",2021-09-20,"2021","September","0","0","Negative","Negative","Negative","Not Tested"
211783,"AZ","Theodore Roosevelt Lake","MARINA","R-M",2021-09-20,"2021","September","0","0","Negative","Negative","Negative","Not Tested"
211784,"AZ","Theodore Roosevelt Lake","DAM","R-D",2021-09-20,"2021","September","0","0","Negative","Negative","Negative","Not Tested"
211785,"AZ","Theodore Roosevelt Lake","CHOLLA RECREATION SITE","R-CRS",2021-09-20,"2021","September","0","0","Negative","Negative","Negative","Not Tested"
211797,"AZ","Canyon Lake","BELOW DAM","C-BD",2021-09-21,"2021","September","1047","1.4812020037085727","Positive","Not Tested","Not Tested","Not Tested"
211798,"AZ","Canyon Lake","BEER CAN FLATS","C-BCF",2021-09-21,"2021","September","52","2.4521650491195725E-2","Positive","Not Tested","Not Tested","Not Tested"
211799,"AZ","Canyon Lake","DAM 0-5 M","C-D",2021-09-21,"2021","September","3","3.5367765131532297E-3","Positive","Not Tested","Not Tested","Not Tested"
211800,"AZ","Canyon Lake","DAM 5-29 M","C-D",2021-09-21,"2021","September","72","1.5670640550586618E-2","Positive","Not Tested","Not Tested","Not Tested"
211801,"AZ","Canyon Lake","MARINA","C-M",2021-09-21,"2021","September","111","2.8551432215273346E-2","Positive","Not Tested","Not Tested","Not Tested"
211802,"AZ","Saguaro Lake","BOATERS CAMPGROUND","S-BC",2021-09-21,"2021","September","34","1.6033386859627973E-2","Positive","Not Tested","Not Tested","Not Tested"
211803,"AZ","Saguaro Lake","MARINA","S-MD",2021-09-21,"2021","September","0","0","Negative","Not Tested","Not Tested","Not Tested"
211804,"AZ","Saguaro Lake","BOAT RAMP","S-BR",2021-09-21,"2021","September","0","0","Negative","Not Tested","Not Tested","Not Tested"
211805,"AZ","Granite Reef Diversion Dam","DOCK","GR-D",2021-09-21,"2021","September","0","0","Negative","Negative","Negative","Not Tested"
211997,"AZ","Bartlett Reservoir","MAIN BOAT LAUNCH","B-MBL",2021-12-13,"2021","December","0","0","Negative","Negative","Negative","Not Tested"
211998,"AZ","Bartlett Reservoir","BOATERS CAMPGROUND","B-BC",2021-12-13,"2021","December","0","0","Negative","Negative","Negative","Not Tested"
211999,"AZ","Bartlett Reservoir","MARINA","B-M",2021-12-13,"2021","December","0","0","Negative","Negative","Negative","Not Tested"
212001,"AZ","Bartlett Reservoir","BOAT RAMP","B-MBL",2021-12-14,"2021","December","0","0","Negative","Negative","Negative","Not Tested"
212002,"AZ","Theodore Roosevelt Lake","MARINA","R-M",2021-12-14,"2021","December","0","0","Negative","Negative","Negative","Not Tested"
212003,"AZ","Theodore Roosevelt Lake","WINDY HILL (BADGER) BOAT RAMP","R-WH",2021-12-14,"2021","December","0","0","Negative","Negative","Negative","Not Tested"
212006,"AZ","Apache Lake","MARINA","A-M",2021-12-14,"2021","December","2580","0.72999067231482662","Positive","Not Tested","Not Tested","Not Tested"
212007,"AZ","Apache Lake","BURNT HORSE CORRAL","A-BHC",2021-12-14,"2021","December","442","0.12506041750509819","Positive","Not Tested","Not Tested","Not Tested"
212008,"AZ","Saguaro Lake","MAIN BOAT RAMP","S-BR",2021-12-14,"2021","December","0","0","Negative","Not Tested","Not Tested","Not Tested"
212009,"AZ","Saguaro Lake","MARINA","S-MD",2021-12-14,"2021","December","0","0","Negative","Not Tested","Not Tested","Not Tested"
212010,"AZ","Granite Reef Diversion Dam","DOCK","GR-D",2021-12-14,"2021","December","0","0","Negative","Negative","Negative","Not Tested"
212013,"AZ","Canyon Lake","MARINA","C-M",2021-12-15,"2021","December","1370","0.38763070584159398","Positive","Not Tested","Not Tested","Not Tested"
220000,"AZ","Bartlett Reservoir","BOATERS CAMPGROUND","B-BC",2022-01-10,"2022","January","0","0","Negative","Negative","Negative","Not Tested"
220001,"AZ","Bartlett Reservoir","MAIN BOAT LAUNCH","B-MBL",2022-01-10,"2022","January","0","0","Negative","Negative","Negative","Not Tested"
220002,"AZ","Bartlett Reservoir","DAM","B-D",2022-01-10,"2022","January","0","0","Negative","Negative","Negative","Not Tested"
220003,"AZ","Bartlett Reservoir","MARINA","B-M",2022-01-10,"2022","January","0","0","Negative","Negative","Negative","Not Tested"
220005,"AZ","Theodore Roosevelt Lake","CHOLLA RECREATION SITE","R-CRS",2022-01-10,"2022","January","0","0","Negative","Negative","Negative","Not Tested"
220006,"AZ","Theodore Roosevelt Lake","DAM","R-D",2022-01-10,"2022","January","0","0","Negative","Negative","Negative","Not Tested"
220007,"AZ","Theodore Roosevelt Lake","MARINA","R-M",2022-01-10,"2022","January","0","0","Negative","Negative","Negative","Not Tested"
220008,"AZ","Theodore Roosevelt Lake","WINDY HILL","R-WH",2022-01-10,"2022","January","0","0","Negative","Negative","Negative","Not Tested"
220010,"AZ","Bartlett Reservoir","BOATERS CAMPGROUND","B-BC",2022-02-07,"2022","January","0","0","Negative","Negative","Negative","Not Tested"
220011,"AZ","Bartlett Reservoir","MAIN BOAT LAUNCH","B-MBL",2022-02-07,"2022","January","0","0","Negative","Negative","Negative","Not Tested"
220012,"AZ","Bartlett Reservoir","DAM","B-D",2022-02-07,"2022","January","0","0","Negative","Negative","Negative","Not Tested"
220013,"AZ","Bartlett Reservoir","MARINA","B-M",2022-02-07,"2022","January","0","0","Negative","Negative","Negative","Not Tested"
220015,"AZ","Theodore Roosevelt Lake","CHOLLA RECREATION SITE","R-CRS",2022-02-08,"2022","January","0","0","Negative","Negative","Negative","Not Tested"
220016,"AZ","Theodore Roosevelt Lake","DAM","R-D",2022-02-08,"2022","January","0","0","Negative","Negative","Negative","Not Tested"
220017,"AZ","Theodore Roosevelt Lake","MARINA","R-M",2022-02-08,"2022","January","0","0","Negative","Negative","Negative","Not Tested"
220018,"AZ","Theodore Roosevelt Lake","WINDY HILL","R-WH",2022-02-08,"2022","January","0","0","Negative","Negative","Negative","Not Tested"
220020,"AZ","Canyon Lake","BELOW DAM","C-BD",2022-02-09,"2022","January","88200","31.194368846011489","Positive","Not Tested","Not Tested","Not Tested"
220021,"AZ","Canyon Lake","BEER CAN FLATS","C-BCF",2022-02-09,"2022","January","4983","2.8198011784068071","Positive","Not Tested","Not Tested","Not Tested"
220022,"AZ","Canyon Lake","DAM 0-5 M","C-D",2022-02-09,"2022","January","839","7.9129479854281592E-2","Positive","Not Tested","Not Tested","Not Tested"
220023,"AZ","Canyon Lake","DAM 5-29 M","C-D",2022-02-09,"2022","January","2348","1.3286962004614054","Positive","Not Tested","Not Tested","Not Tested"
220024,"AZ","Canyon Lake","MARINA","C-M",2022-02-09,"2022","January","864","0.34923141798450175","Positive","Not Tested","Not Tested","Not Tested"
220025,"AZ","Apache Lake","DAM 0-5 M","A-D",2022-02-08,"2022","January","23470","13.281303162193009","Positive","Not Tested","Not Tested","Not Tested"
220026,"AZ","Apache Lake","DAM 5 -29 M","A-D",2022-02-08,"2022","January","57380","5.4117396353261951","Positive","Not Tested","Not Tested","Not Tested"
220027,"AZ","Apache Lake","MARINA","A-M",2022-02-08,"2022","January","20430","9.6341792218293971","Positive","Not Tested","Not Tested","Not Tested"
220028,"AZ","Apache Lake","BURNT HORSE CORRAL","A-BHC",2022-02-08,"2022","January","56983","11.516350631372028","Positive","Not Tested","Not Tested","Not Tested"
220029,"AZ","Apache Lake","THREE MILE","A-TMI",2022-02-08,"2022","January","335800","118.76495531168545","Positive","Not Tested","Not Tested","Not Tested"
220030,"AZ","Saguaro Lake","BOATERS CAMPGROUND","S-BC",2022-02-10,"2022","January","151","3.560355023240918E-2","Positive","Not Tested","Not Tested","Not Tested"
220031,"AZ","Saguaro Lake","MARINA","S-MD",2022-02-10,"2022","January","0","0","Negative","Not Tested","Not Tested","Not Tested"
220032,"AZ","Saguaro Lake","BOAT RAMP","S-BR",2022-02-10,"2022","January","0","0","Negative","Not Tested","Not Tested","Not Tested"
220033,"AZ","Granite Reef Diversion Dam","DOCK","GR-D",2022-02-09,"2022","January","0","0","Negative","Negative","Negative","Not Tested"
220034,"AZ","Bartlett Reservoir","BOATERS CAMPGROUND","B-BC",2022-03-08,"2022","March","0","0","Negative","Negative","Negative","Not Tested"
220035,"AZ","Bartlett Reservoir","MAIN BOAT LAUNCH","B-MBL",2022-03-08,"2022","March","0","0","Negative","Negative","Negative","Not Tested"
220036,"AZ","Bartlett Reservoir","DAM","B-D",2022-03-08,"2022","March","0","0","Negative","Negative","Negative","Not Tested"
220037,"AZ","Bartlett Reservoir","MARINA","B-M",2022-03-08,"2022","March","0","0","Negative","Negative","Negative","Not Tested"
220039,"AZ","Theodore Roosevelt Lake","CHOLLA RECREATION SITE","R-CRS",2022-03-09,"2022","March","0","0","Negative","Negative","Negative","Not Tested"
220040,"AZ","Theodore Roosevelt Lake","DAM","R-D",2022-03-09,"2022","March","0","0","Negative","Negative","Negative","Not Tested"
220041,"AZ","Theodore Roosevelt Lake","MARINA","R-M",2022-03-09,"2022","March","0","0","Negative","Negative","Negative","Not Tested"
220042,"AZ","Theodore Roosevelt Lake","WINDY HILL","R-WH",2022-03-09,"2022","March","0","0","Negative","Negative","Negative","Not Tested"
220044,"AZ","Canyon Lake","BELOW DAM","C-BD",2022-03-10,"2022","March","41114","23.265764729885102","Positive","Not Tested","Not Tested","Not Tested"
220045,"AZ","Canyon Lake","BEER CAN FLATS","C-BCF",2022-03-10,"2022","March","48850","19.74531801914689","Positive","Not Tested","Not Tested","Not Tested"
220046,"AZ","Canyon Lake","DAM 0-5 M","C-D",2022-03-10,"2022","March","429","0.24276433986283769","Positive","Not Tested","Not Tested","Not Tested"
220047,"AZ","Canyon Lake","DAM 5-29 M","C-D",2022-03-10,"2022","March","1575","0.14854461355243564","Positive","Not Tested","Not Tested","Not Tested"
220048,"AZ","Canyon Lake","MARINA","C-M",2022-03-10,"2022","March","114000","26.879501499964544","Positive","Not Tested","Not Tested","Not Tested"
220049,"AZ","Apache Lake","DAM 0-5 M","A-D",2022-03-10,"2022","March","35383","20.022682138384116","Positive","Not Tested","Not Tested","Not Tested"
220050,"AZ","Apache Lake","DAM 5 -29 M","A-D",2022-03-10,"2022","March","201000","18.957122110501313","Positive","Not Tested","Not Tested","Not Tested"
220051,"AZ","Apache Lake","MARINA","A-M",2022-03-10,"2022","March","1388","0.7854473280410692","Positive","Not Tested","Not Tested","Not Tested"
220052,"AZ","Apache Lake","BURNT HORSE CORRAL","A-BHC",2022-03-10,"2022","March","18050","3.4047368566621761","Positive","Not Tested","Not Tested","Not Tested"
220053,"AZ","Apache Lake","THREE MILE","A-TMI",2022-03-10,"2022","March","86767","24.550039017341302","Positive","Not Tested","Not Tested","Not Tested"
220054,"AZ","Saguaro Lake","BOATERS CAMPGROUND","S-BC",2022-03-10,"2022","March","137","3.8763070584159398E-2","Positive","Not Tested","Not Tested","Not Tested"
220055,"AZ","Saguaro Lake","MARINA","S-MD",2022-03-10,"2022","March","3","3.3953054526271003E-4","Positive","Not Tested","Not Tested","Not Tested"
220056,"AZ","Saguaro Lake","BOAT RAMP","S-BR",2022-03-10,"2022","March","0","0","Negative","Not Tested","Not Tested","Not Tested"
220057,"AZ","Granite Reef Diversion Dam","DOCK","GR-D",2022-03-11,"2022","March","0","0","Negative","Negative","Negative","Not Tested"
220098,"AZ","Bartlett Reservoir","BOATERS CAMPGROUND","B-BC",2022-04-05,"2022","April","0","0","Negative","Negative","Negative","Not Tested"
220099,"AZ","Bartlett Reservoir","MAIN BOAT LAUNCH","B-MBL",2022-04-05,"2022","April","0","0","Negative","Negative","Negative","Not Tested"
220100,"AZ","Bartlett Reservoir","DAM","B-D",2022-04-05,"2022","April","0","0","Negative","Negative","Negative","Not Tested"
220101,"AZ","Bartlett Reservoir","MARINA","B-M",2022-04-05,"2022","April","0","0","Negative","Negative","Negative","Not Tested"
220103,"AZ","Theodore Roosevelt Lake","CHOLLA RECREATION SITE","R-CRS",2022-04-06,"2022","April","0","0","Negative","Negative","Negative","Not Tested"
220104,"AZ","Theodore Roosevelt Lake","DAM","R-D",2022-04-06,"2022","April","0","0","Negative","Negative","Negative","Not Tested"
220105,"AZ","Theodore Roosevelt Lake","MARINA","R-M",2022-04-06,"2022","April","0","0","Negative","Negative","Negative","Not Tested"
220106,"AZ","Theodore Roosevelt Lake","WINDY HILL","R-WH",2022-04-06,"2022","April","0","0","Negative","Negative","Negative","Not Tested"
220108,"AZ","Apache Lake","DAM 0-5 M","A-D",2022-04-06,"2022","April","42","2.3767138168389702E-2","Positive","Not Tested","Not Tested","Not Tested"
220109,"AZ","Apache Lake","DAM 5 -29 M","A-D",2022-04-06,"2022","April","5850","0.57076255453645219","Positive","Not Tested","Not Tested","Not Tested"
220110,"AZ","Apache Lake","MARINA","A-M",2022-04-06,"2022","April","845","0.23908609228915834","Positive","Not Tested","Not Tested","Not Tested"
220111,"AZ","Apache Lake","BURNT HORSE CORRAL","A-BHC",2022-04-06,"2022","April","20300","3.3786617984475562","Positive","Not Tested","Not Tested","Not Tested"
220112,"AZ","Apache Lake","THREE MILE","A-TMI",2022-04-06,"2022","April","27500","7.7809083289371053","Positive","Not Tested","Not Tested","Not Tested"
220113,"AZ","Saguaro Lake","BOATERS CAMPGROUND","S-BC",2022-04-07,"2022","April","0","0","Negative","Not Tested","Not Tested","Not Tested"
220114,"AZ","Saguaro Lake","MARINA","S-MD",2022-04-07,"2022","April","0","0","Negative","Not Tested","Not Tested","Not Tested"
220115,"AZ","Saguaro Lake","BOAT RAMP","S-BR",2022-04-07,"2022","April","0","0","Negative","Not Tested","Not Tested","Not Tested"
220116,"AZ","Granite Reef Diversion Dam","DOCK","GR-D",2022-04-07,"2022","April","0","0","Negative","Negative","Negative","Not Tested"
220117,"AZ","Canyon Lake","BELOW DAM","C-BD",2022-04-07,"2022","April","718","0.33858740485920252","Positive","Not Tested","Not Tested","Not Tested"
220118,"AZ","Canyon Lake","BEER CAN FLATS","C-BCF",2022-04-07,"2022","April","86940","12.946835791728075","Positive","Not Tested","Not Tested","Not Tested"
220119,"AZ","Canyon Lake","DAM 0-5 M","C-D",2022-04-07,"2022","April","1319","0.74640131533585763","Positive","Not Tested","Not Tested","Not Tested"
220120,"AZ","Canyon Lake","DAM 5-29 M","C-D",2022-04-07,"2022","April","18700","1.7636725545590772","Positive","Not Tested","Not Tested","Not Tested"
220121,"AZ","Canyon Lake","MARINA","C-M",2022-04-07,"2022","April","44600","7.4230697640768968","Positive","Not Tested","Not Tested","Not Tested"
220221,"AZ","Bartlett Reservoir","BOATERS CAMPGROUND","B-BC",2022-05-16,"2022","April","0","0","Negative","Negative","Negative","Not Tested"
220222,"AZ","Bartlett Reservoir","MAIN BOAT LAUNCH","B-MBL",2022-05-16,"2022","April","0","0","Negative","Negative","Negative","Not Tested"
220223,"AZ","Bartlett Reservoir","DAM","B-D",2022-05-16,"2022","April","0","0","Negative","Negative","Negative","Not Tested"
220224,"AZ","Bartlett Reservoir","MARINA","B-M",2022-05-16,"2022","April","0","0","Negative","Negative","Negative","Not Tested"
220226,"AZ","Theodore Roosevelt Lake","CHOLLA RECREATION SITE","R-CRS",2022-05-17,"2022","April","0","0","Negative","Negative","Negative","Not Tested"
220227,"AZ","Theodore Roosevelt Lake","DAM","R-D",2022-05-17,"2022","April","0","0","Negative","Negative","Negative","Not Tested"
220228,"AZ","Theodore Roosevelt Lake","MARINA","R-M",2022-05-17,"2022","April","0","0","Negative","Negative","Negative","Not Tested"
220229,"AZ","Theodore Roosevelt Lake","WINDY HILL","R-WH",2022-05-17,"2022","April","0","0","Negative","Negative","Negative","Not Tested"
220231,"AZ","Apache Lake","DAM 0-5 M","A-D",2022-05-17,"2022","April","0","0","Negative","Not Tested","Not Tested","Not Tested"
220232,"AZ","Apache Lake","DAM 5 -29 M","A-D",2022-05-17,"2022","April","712","6.7151596729735988E-2","Positive","Not Tested","Not Tested","Not Tested"
220233,"AZ","Apache Lake","MARINA","A-M",2022-05-17,"2022","April","21","6.6019828245526954E-3","Positive","Not Tested","Not Tested","Not Tested"
220234,"AZ","Apache Lake","BURNT HORSE CORRAL","A-BHC",2022-05-17,"2022","April","13","2.1636750433407996E-3","Positive","Not Tested","Not Tested","Not Tested"
220235,"AZ","Apache Lake","THREE MILE","A-TMI",2022-05-17,"2022","April","123","6.9603761778855563E-2","Positive","Not Tested","Not Tested","Not Tested"
220236,"AZ","Saguaro Lake","BOATERS CAMPGROUND","S-BC",2022-05-18,"2022","April","3698","0.80486151050096266","Positive","Not Tested","Not Tested","Not Tested"
220237,"AZ","Saguaro Lake","MARINA","S-MD",2022-05-18,"2022","April","559","5.2721548556070814E-2","Negative","Not Tested","Not Tested","Not Tested"
220238,"AZ","Saguaro Lake","BOAT RAMP","S-BR",2022-05-18,"2022","April","532","0.21503601199971636","Positive","Not Tested","Not Tested","Not Tested"
220239,"AZ","Granite Reef Diversion Dam","DOCK","GR-D",2022-05-18,"2022","April","0","0","Negative","Negative","Negative","Not Tested"
220240,"AZ","Canyon Lake","BELOW DAM","C-BD",2022-05-18,"2022","April","0","0","Positive","Not Tested","Not Tested","Not Tested"
220241,"AZ","Canyon Lake","BEER CAN FLATS","C-BCF",2022-05-18,"2022","April","776","0.15683077566896608","Positive","Not Tested","Not Tested","Not Tested"
220242,"AZ","Canyon Lake","DAM 0-5 M","C-D",2022-05-18,"2022","April","3503","1.9822925000921221","Positive","Not Tested","Not Tested","Not Tested"
220243,"AZ","Canyon Lake","DAM 5-29 M","C-D",2022-05-18,"2022","April","1121","0.10572603923319389","Positive","Not Tested","Not Tested","Not Tested"
220244,"AZ","Canyon Lake","MARINA","C-M",2022-05-18,"2022","April","991","0.1649386129192871","Positive","Not Tested","Not Tested","Not Tested"
220709,"AZ","Bartlett Reservoir","BOATERS CAMPGROUND","B-BC",2022-07-11,"2022","July","0","0","Negative","Negative","Negative","Not Tested"
220710,"AZ","Bartlett Reservoir","MAIN BOAT LAUNCH","B-MBL",2022-07-11,"2022","July","0","0","Negative","Negative","Negative","Not Tested"
220711,"AZ","Bartlett Reservoir","DAM","B-D",2022-07-11,"2022","July","0","0","Negative","Negative","Negative","Not Tested"
220712,"AZ","Bartlett Reservoir","MARINA","B-M",2022-07-11,"2022","July","0","0","Negative","Negative","Negative","Not Tested"
220714,"AZ","Theodore Roosevelt Lake","CHOLLA RECREATION SITE","R-CRS",2022-07-12,"2022","July","0","0","Negative","Negative","Negative","Not Tested"
220715,"AZ","Theodore Roosevelt Lake","DAM","R-D",2022-07-12,"2022","July","0","0","Negative","Negative","Negative","Not Tested"
220716,"AZ","Theodore Roosevelt Lake","MARINA","R-M",2022-07-12,"2022","July","0","0","Negative","Negative","Negative","Not Tested"
220717,"AZ","Theodore Roosevelt Lake","WINDY HILL","R-WH",2022-07-12,"2022","July","0","0","Negative","Negative","Negative","Not Tested"
220719,"AZ","Canyon Lake","BELOW DAM","C-BD",2022-07-13,"2022","July","7000","2.475743559207261","Positive","Not Tested","Not Tested","Not Tested"
220720,"AZ","Canyon Lake","BEER CAN FLATS","C-BCF",2022-07-13,"2022","July","18200","2.8608592239728345","Positive","Not Tested","Not Tested","Not Tested"
220721,"AZ","Canyon Lake","DAM 0-5 M","C-D",2022-07-13,"2022","July","102","5.7720192694660707E-2","Positive","Not Tested","Not Tested","Not Tested"
220722,"AZ","Canyon Lake","DAM 5-29 M","C-D",2022-07-13,"2022","July","2000","0.18862808070150558","Positive","Not Tested","Not Tested","Not Tested"
220723,"AZ","Canyon Lake","MARINA","C-M",2022-07-13,"2022","July","982","0.34731145359164717","Positive","Not Tested","Not Tested","Not Tested"
220724,"AZ","Apache Lake","DAM 0-5 M","A-D",2022-07-12,"2022","July","0","0","Negative","Not Tested","Not Tested","Not Tested"
220725,"AZ","Apache Lake","DAM 5 -29 M","A-D",2022-07-12,"2022","July","2900","0.2735107170171831","Positive","Not Tested","Not Tested","Not Tested"
220726,"AZ","Apache Lake","MARINA","A-M",2022-07-12,"2022","July","74","1.4955512112762229E-2","Positive","Not Tested","Not Tested","Not Tested"
220727,"AZ","Apache Lake","BURNT HORSE CORRAL","A-BHC",2022-07-12,"2022","July","2406","0.40044631955984333","Positive","Not Tested","Not Tested","Not Tested"
220728,"AZ","Apache Lake","THREE MILE","A-TMI",2022-07-12,"2022","July","114","6.4510803599914915E-2","Positive","Not Tested","Not Tested","Not Tested"
220729,"AZ","Saguaro Lake","BOATERS CAMPGROUND","S-BC",2022-07-13,"2022","July","259","5.6370776425026858E-2","Positive","Not Tested","Not Tested","Not Tested"
220730,"AZ","Saguaro Lake","MARINA","S-MD",2022-07-13,"2022","July","0","0","Negative","Not Tested","Not Tested","Not Tested"
220731,"AZ","Saguaro Lake","BOAT RAMP","S-BR",2022-07-13,"2022","July","1","3.5367765131532301E-4","Positive","Not Tested","Not Tested","Not Tested"
220732,"AZ","Granite Reef Diversion Dam","DOCK","GR-D",2022-07-13,"2022","July","0","0","Negative","Negative","Negative","Not Tested"
221103,"AZ","Bartlett Reservoir","BOATERS CAMPGROUND","B-BC",2022-08-08,"2022","August","0","0","Negative","Negative","Negative","Not Tested"
221104,"AZ","Bartlett Reservoir","MAIN BOAT LAUNCH","B-MBL",2022-08-08,"2022","August","0","0","Negative","Negative","Negative","Not Tested"
221105,"AZ","Bartlett Reservoir","DAM","B-D",2022-08-08,"2022","August","0","0","Negative","Negative","Negative","Not Tested"
221106,"AZ","Bartlett Reservoir","MARINA","B-M",2022-08-08,"2022","August","0","0","Negative","Negative","Negative","Not Tested"
221108,"AZ","Theodore Roosevelt Lake","CHOLLA RECREATION SITE","R-CRS",2022-08-09,"2022","August","0","0","Negative","Negative","Negative","Not Tested"
221109,"AZ","Theodore Roosevelt Lake","DAM","R-D",2022-08-09,"2022","August","0","0","Negative","Negative","Negative","Not Tested"
221110,"AZ","Theodore Roosevelt Lake","MARINA","R-M",2022-08-09,"2022","August","0","0","Negative","Negative","Negative","Not Tested"
221111,"AZ","Theodore Roosevelt Lake","WINDY HILL","R-WH",2022-08-09,"2022","August","0","0","Negative","Negative","Negative","Not Tested"
221113,"AZ","Apache Lake","HORSE MESA DAM 5M","A-D",2022-08-09,"2022","August","5","2.8294212105225837E-3","Positive","Not Tested","Not Tested","Not Tested"
221114,"AZ","Apache Lake","HORSE MESA DAM 30M","A-D",2022-08-09,"2022","August","303","2.8577154226278097E-2","Positive","Not Tested","Not Tested","Not Tested"
221115,"AZ","Apache Lake","THREE MILE ISLAND","A-TMI",2022-08-09,"2022","August","268","0.1083264120600075","Positive","Not Tested","Not Tested","Not Tested"
221116,"AZ","Apache Lake","BURNT HORSE CORRAL","A-BHC",2022-08-09,"2022","August","299","5.6399796129750171E-2","Positive","Not Tested","Not Tested","Not Tested"
221117,"AZ","Apache Lake","MARINA","A-M",2022-08-09,"2022","August","9","2.8294212105225837E-3","Positive","Not Tested","Not Tested","Not Tested"
221118,"AZ","Canyon Lake","BEACH BELOW HORSE MESA DAM","C-BD",2022-08-10,"2022","August","0","0","Negative","Not Tested","Not Tested","Not Tested"
221119,"AZ","Canyon Lake","BEER CAN FLATS","C-BCF",2022-08-10,"2022","August","12630","2.3823726592600156","Negative","Not Tested","Not Tested","Not Tested"
221120,"AZ","Canyon Lake","MORMON FLATS DAM 5M","C-D",2022-08-10,"2022","August","0","0","Negative","Not Tested","Not Tested","Not Tested"
221121,"AZ","Canyon Lake","MORMON FLATS DAM 30M","C-D",2022-08-10,"2022","August","26","1.4712990294717435E-2","Positive","Not Tested","Not Tested","Not Tested"
221122,"AZ","Canyon Lake","MARINA","C-M",2022-08-10,"2022","August","2","5.6588424210451678E-4","Positive","Not Tested","Not Tested","Not Tested"
221123,"AZ","Saguaro Lake","BOAT RAMP","S-BR",2022-08-10,"2022","August","0","0","Negative","Not Tested","Not Tested","Not Tested"
221124,"AZ","Saguaro Lake","MARINA AND DAM","S-MD",2022-08-10,"2022","August","0","0","Negative","Not Tested","Not Tested","Not Tested"
221126,"AZ","Granite Reef Diversion Dam","DOCK","GR-D",2022-08-10,"2022","August","0","0","Negative","Negative","Negative","Not Tested"
221482,"AZ","Bartlett Reservoir","BOATER'S CAMPGROUND","B-BC",2022-09-12,"2022","September","0","0","Negative","Negative","Negative","Not Tested"
221483,"AZ","Bartlett Reservoir","MAIN BOAT LAUNCH","B-MBL",2022-09-12,"2022","September","0","0","Negative","Negative","Negative","Not Tested"
221484,"AZ","Bartlett Reservoir","MARINA","B-M",2022-09-12,"2022","September","0","0","Negative","Negative","Negative","Not Tested"
221486,"AZ","Theodore Roosevelt Lake","CHOLLA RECREATION SITE","R-CRS",2022-09-13,"2022","September","0","0","Negative","Negative","Negative","Not Tested"
221487,"AZ","Theodore Roosevelt Lake","DAM","R-D",2022-09-13,"2022","September","0","0","Negative","Negative","Negative","Not Tested"
221488,"AZ","Theodore Roosevelt Lake","MARINA","R-M",2022-09-13,"2022","September","0","0","Negative","Negative","Negative","Not Tested"
221489,"AZ","Theodore Roosevelt Lake","WINDY HILL","R-WH",2022-09-13,"2022","September","0","0","Negative","Negative","Negative","Not Tested"
221491,"AZ","Apache Lake","BURNT HORSE CORRAL","A-BHC",2022-09-13,"2022","September","562","7.5720700967318672E-2","Positive","Not Tested","Not Tested","Not Tested"
221492,"AZ","Apache Lake","MARINA","A-M",2022-09-13,"2022","September","12","5.6588424210451673E-3","Positive","Not Tested","Not Tested","Not Tested"
221493,"AZ","Apache Lake","HORSE MESA DAM","A-D",2022-09-13,"2022","September","7","6.6019828245526954E-4","Positive","Not Tested","Not Tested","Not Tested"
221494,"AZ","Apache Lake","HORSE MESA DAM","A-D",2022-09-13,"2022","September","550","0.31123633315748422","Positive","Not Tested","Not Tested","Not Tested"
221495,"AZ","Apache Lake","THREE MILE ISLAND","A-TMI",2022-09-13,"2022","September","524","0.29652334286276677","Positive","Not Tested","Not Tested","Not Tested"
221496,"AZ","Canyon Lake","BELOW DAM","C-BD",2022-09-14,"2022","September","4600","2.6030675136807768","Positive","Not Tested","Not Tested","Not Tested"
221497,"AZ","Canyon Lake","BEER CAN FLATS","C-BCF",2022-09-14,"2022","September","11870","1.8658460982723926","Positive","Not Tested","Not Tested","Not Tested"
221498,"AZ","Canyon Lake","DAM 0-5 M","C-D",2022-09-14,"2022","September","0","0","Negative","Not Tested","Not Tested","Not Tested"
221499,"AZ","Canyon Lake","DAM 5-29 M","C-D",2022-09-14,"2022","September","0","0","Negative","Not Tested","Not Tested","Not Tested"
221500,"AZ","Canyon Lake","MARINA","C-M",2022-09-14,"2022","September","0","0","Negative","Not Tested","Not Tested","Not Tested"
221501,"AZ","Saguaro Lake","BOAT RAMP","S-BR",2022-09-14,"2022","September","0","0","Negative","Not Tested","Not Tested","Not Tested"
221502,"AZ","Saguaro Lake","MARINA AND DAM","S-MD",2022-09-14,"2022","September","0","0","Negative","Not Tested","Not Tested","Not Tested"
221503,"AZ","Saguaro Lake","BOATERS CAMPGROUND","S-BC",2022-09-14,"2022","September","0","0","Negative","Not Tested","Not Tested","Not Tested"
221504,"AZ","Granite Reef Diversion Dam","DOCK","GR-D",2022-09-14,"2022","September","0","0","Negative","Negative","Negative","Not Tested"
221644,"AZ","Bartlett Reservoir","BOATERS CAMPGROUND","B-BC",2022-10-17,"2022","October","0","0","Negative","Negative","Negative","Not Tested"
221645,"AZ","Bartlett Reservoir","BOATERS CAMPGROUND","B-BC",2022-10-17,"2022","October","0","0","Negative","Negative","Negative","Not Tested"
221646,"AZ","Bartlett Reservoir","MAIN BOAT LAUNCH","B-MBL",2022-10-17,"2022","October","0","0","Negative","Negative","Negative","Not Tested"
221647,"AZ","Bartlett Reservoir","DAM","B-D",2022-10-17,"2022","October","0","0","Negative","Negative","Negative","Not Tested"
221648,"AZ","Bartlett Reservoir","MARINA","B-M",2022-10-17,"2022","October","0","0","Negative","Negative","Negative","Not Tested"
221650,"AZ","Theodore Roosevelt Lake","CHOLLA RECREATION SITE","R-CRS",2022-10-18,"2022","October","0","0","Negative","Negative","Negative","Not Tested"
221651,"AZ","Theodore Roosevelt Lake","DAM","R-D",2022-10-18,"2022","October","0","0","Negative","Negative","Negative","Not Tested"
221652,"AZ","Theodore Roosevelt Lake","MARINA","R-M",2022-10-18,"2022","October","0","0","Negative","Negative","Negative","Not Tested"
221653,"AZ","Theodore Roosevelt Lake","WINDY HILL","R-WH",2022-10-18,"2022","October","0","0","Negative","Negative","Negative","Not Tested"
221655,"AZ","Apache Lake","BURNT HORSE CORRAL","A-BHC",2022-10-18,"2022","October","443","5.4027310183685532E-3","Positive","Not Tested","Not Tested","Not Tested"
221656,"AZ","Apache Lake","MARINA","A-M",2022-10-18,"2022","October","2335","0.82583731582127917","Positive","Not Tested","Not Tested","Not Tested"
221657,"AZ","Apache Lake","HORSE MESA DAM","A-D",2022-10-18,"2022","October","5080","0.4491706171704602","Positive","Not Tested","Not Tested","Not Tested"
221658,"AZ","Apache Lake","HORSE MESA DAM","A-D",2022-10-18,"2022","October","829","0.46911803670464436","Positive","Not Tested","Not Tested","Not Tested"
221659,"AZ","Apache Lake","THREE MILE ISLAND","A-TMI",2022-10-18,"2022","October","70080","33.047639738903776","Positive","Not Tested","Not Tested","Not Tested"
221660,"AZ","Canyon Lake","BELOW DAM","C-BD",2022-10-19,"2022","October","28","1.5844758778926469E-2","Positive","Not Tested","Not Tested","Not Tested"
221661,"AZ","Canyon Lake","BEER CAN FLATS","C-BCF",2022-10-19,"2022","October","13","1.8391237868396794E-3","Positive","Not Tested","Not Tested","Not Tested"
221662,"AZ","Canyon Lake","DAM 0-5 M","C-D",2022-10-19,"2022","October","18","1.6976527263135503E-3","Positive","Not Tested","Not Tested","Not Tested"
221663,"AZ","Canyon Lake","DAM 5-29 M","C-D",2022-10-19,"2022","October","4","2.2635369684180671E-3","Positive","Not Tested","Not Tested","Not Tested"
221664,"AZ","Canyon Lake","MARINA","C-M",2022-10-19,"2022","October","6","2.1220659078919381E-3","Positive","Not Tested","Not Tested","Not Tested"
221665,"AZ","Saguaro Lake","BOAT RAMP","S-BR",2022-10-19,"2022","October","0","0","Negative","Not Tested","Not Tested","Not Tested"
221666,"AZ","Saguaro Lake","MARINA AND DAM","S-MD",2022-10-19,"2022","October","0","0","Negative","Not Tested","Not Tested","Not Tested"
221667,"AZ","Saguaro Lake","BOATERS CAMPGROUND","S-BC",2022-10-19,"2022","October","21","4.5706034939210971E-3","Positive","Not Tested","Not Tested","Not Tested"
221668,"AZ","Granite Reef Diversion Dam","DOCK","GR-D",2022-10-19,"2022","October","0","0","Negative","Negative","Negative","Not Tested"
221737,"AZ","Bartlett Reservoir","BOATER'S CAMPGROUND","B-BC",2022-11-07,"2022","November","0","0","Negative","Negative","Negative","Not Tested"
221738,"AZ","Bartlett Reservoir","DAM","B-D",2022-11-07,"2022","November","0","0","Negative","Negative","Negative","Not Tested"
221739,"AZ","Bartlett Reservoir","MARINA","B-M",2022-11-07,"2022","November","0","0","Negative","Negative","Negative","Not Tested"
221740,"AZ","Bartlett Reservoir","MAIN BOAT LAUNCH","B-MBL",2022-11-07,"2022","November","0","0","Negative","Negative","Negative","Not Tested"
221742,"AZ","Theodore Roosevelt Lake","WINDY HILL","R-WH",2022-11-08,"2022","November","0","0","Negative","Negative","Negative","Not Tested"
221743,"AZ","Theodore Roosevelt Lake","MARINA","R-M",2022-11-08,"2022","November","0","0","Negative","Negative","Negative","Not Tested"
221744,"AZ","Theodore Roosevelt Lake","DAM","R-D",2022-11-08,"2022","November","0","0","Negative","Negative","Negative","Not Tested"
221745,"AZ","Theodore Roosevelt Lake","CHOLLA RECREATION SITE","R-CRS",2022-11-08,"2022","November","0","0","Negative","Negative","Negative","Not Tested"
221764,"AZ","Apache Lake","THREE MILE ISLAND","A-TMI",2022-11-08,"2022","November","42314","13.302681011339178","Positive","Not Tested","Not Tested","Not Tested"
221765,"AZ","Apache Lake","HORSE MESA DAM","A-D",2022-11-08,"2022","November","49820","4.6987254902745041","Positive","Not Tested","Not Tested","Not Tested"
221766,"AZ","Apache Lake","HORSE MESA DAM","A-D",2022-11-08,"2022","November","4983","2.8198011784068071","Positive","Not Tested","Not Tested","Not Tested"
221767,"AZ","Apache Lake","MARINA","A-M",2022-11-08,"2022","November","4866","1.9668519443432704","Positive","Not Tested","Not Tested","Not Tested"
221768,"AZ","Apache Lake","BURNT HORSE CORRAL","A-BHC",2022-11-08,"2022","November","14300","2.3800425476748797","Positive","Not Tested","Not Tested","Not Tested"
221769,"AZ","Canyon Lake","BEER CAN FLATS","C-BCF",2022-11-09,"2022","November","5516","0.97544296232766081","Positive","Not Tested","Not Tested","Not Tested"
221770,"AZ","Canyon Lake","MORMON FLATS DAM","C-D",2022-11-09,"2022","November","0","0","Negative","Not Tested","Not Tested","Not Tested"
221771,"AZ","Canyon Lake","MORMON FLATS DAM","C-D",2022-11-09,"2022","November","5816","0.54853045867997829","Positive","Not Tested","Not Tested","Not Tested"
221772,"AZ","Canyon Lake","MARINA","C-M",2022-11-09,"2022","November","350","5.8252789628406139E-2","Positive","Not Tested","Not Tested","Not Tested"
221773,"AZ","Saguaro Lake","BOATERS CAMPGROUND","S-BC",2022-11-09,"2022","November","1392","0.28132530893195978","Positive","Not Tested","Not Tested","Not Tested"
221774,"AZ","Saguaro Lake","MARINA AND DAM","S-MD",2022-11-09,"2022","November","40","4.5270739368361342E-3","Positive","Not Tested","Not Tested","Not Tested"
221775,"AZ","Saguaro Lake","BOAT RAMP","S-BR",2022-11-09,"2022","November","4","1.6168121202986194E-3","Positive","Not Tested","Not Tested","Not Tested"
221776,"AZ","Granite Reef Diversion Dam","DOCK","GR-D",2022-11-09,"2022","November","0","0","Negative","Negative","Negative","Not Tested"
221801,"AZ","Bartlett Reservoir","BOATER'S CAMPGROUND","B-BC",2022-12-12,"2022","December","0","0","Negative","Negative","Negative","Not Tested"
221802,"AZ","Bartlett Reservoir","DAM","B-D",2022-12-12,"2022","December","0","0","Negative","Negative","Negative","Not Tested"
221803,"AZ","Bartlett Reservoir","MARINA","B-M",2022-12-12,"2022","December","0","0","Negative","Negative","Negative","Not Tested"
221804,"AZ","Bartlett Reservoir","MAIN BOAT LAUNCH","B-MBL",2022-12-12,"2022","December","0","0","Negative","Negative","Negative","Not Tested"
221806,"AZ","Theodore Roosevelt Lake","WINDY HILL","R-WH",2022-12-13,"2022","December","0","0","Negative","Negative","Negative","Not Tested"
221807,"AZ","Theodore Roosevelt Lake","MARINA","R-M",2022-12-13,"2022","December","0","0","Negative","Negative","Negative","Not Tested"
221808,"AZ","Theodore Roosevelt Lake","DAM","R-D",2022-12-13,"2022","December","0","0","Negative","Negative","Negative","Not Tested"
221809,"AZ","Theodore Roosevelt Lake","CHOLLA RECREATION SITE","R-CRS",2022-12-13,"2022","December","0","0","Negative","Negative","Negative","Not Tested"
221810,"AZ","Apache Lake","THREE MILE ISLAND","A-TMI",2022-12-13,"2022","December","18850","7.6192271169072434","Positive","Not Tested","Not Tested","Not Tested"
221811,"AZ","Apache Lake","HORSE MESA DAM 30M","A-D",2022-12-13,"2022","December","3730","2.1107482230498475","Positive","Not Tested","Not Tested","Not Tested"
221812,"AZ","Apache Lake","HORSE MESA DAM 5M","A-D",2022-12-13,"2022","December","10380","0.97897973884081402","Positive","Not Tested","Not Tested","Not Tested"
221813,"AZ","Apache Lake","MARINA","A-M",2022-12-13,"2022","December","5800","2.3443775744329978","Positive","Not Tested","Not Tested","Not Tested"
221814,"AZ","Apache Lake","BURNT HORSE CORRAL","A-BHC",2022-12-13,"2022","December","2660","0.3583933533328606","Positive","Not Tested","Not Tested","Not Tested"
221815,"AZ","Canyon Lake","BEACH BELOW HORSE MESA DAM","C-BD",2022-12-14,"2022","December","77","3.1123633315748422E-2","Positive","Not Tested","Not Tested","Not Tested"
221816,"AZ","Canyon Lake","BEER CAN FLATS","C-BCF",2022-12-14,"2022","December","61890","8.3387085104401297","Positive","Not Tested","Not Tested","Not Tested"
221817,"AZ","Canyon Lake","MORMON FLATS DAM 5M","C-D",2022-12-14,"2022","December","2757","1.5601428554821526","Positive","Not Tested","Not Tested","Not Tested"
221818,"AZ","Canyon Lake","MORMON FLATS DAM 30M","C-D",2022-12-14,"2022","December","13720","1.2939886336123283","Positive","Not Tested","Not Tested","Not Tested"
221819,"AZ","Canyon Lake","MARINA","C-M",2022-12-14,"2022","December","2830","0.44484789032105065","Positive","Not Tested","Not Tested","Not Tested"
221820,"AZ","Saguaro Lake","BOATERS CAMPGROUND","S-BC",2022-12-14,"2022","December","321","6.9864939121365335E-2","Positive","Not Tested","Not Tested","Not Tested"
221821,"AZ","Saguaro Lake","MARINA AND DAM","S-MD",2022-12-14,"2022","December","9","8.780962377483879E-4","Positive","Not Tested","Not Tested","Not Tested"
221822,"AZ","Saguaro Lake","BOAT RAMP","S-BR",2022-12-14,"2022","December","5","2.0210151503732743E-3","Positive","Not Tested","Not Tested","Not Tested"
221823,"AZ","Granite Reef Diversion Dam","DOCK","GR-D",2022-12-14,"2022","December","0","0","Negative","Negative","Negative","Not Tested"
230001,"AZ","Canyon Lake","BELOW DAM","C-BD",2023-01-19,"2023","January","2757","3.9003571387053819","Positive","Not Tested","Not Tested","Not Tested"
230002,"AZ","Canyon Lake","BEER CAN FLATS","C-BCF",2023-01-19,"2023","January","3350","4.7392805276253283","Positive","Not Tested","Not Tested","Not Tested"
230004,"AZ","Bartlett Reservoir","BOATER'S CAMPGROUND","B-BC",2023-01-17,"2023","January","0","0","Negative","Negative","Negative","Not Tested"
230005,"AZ","Bartlett Reservoir","DAM","B-D",2023-01-17,"2023","January","0","0","Negative","Negative","Negative","Not Tested"
230006,"AZ","Bartlett Reservoir","MARINA","B-M",2023-01-17,"2023","January","0","0","Negative","Negative","Negative","Not Tested"
230007,"AZ","Bartlett Reservoir","MAIN BOAT LAUNCH","B-MBL",2023-01-17,"2023","January","0","0","Negative","Negative","Negative","Not Tested"
230009,"AZ","Theodore Roosevelt Lake","WINDY HILL","R-WH",2023-01-18,"2023","January","0","0","Negative","Negative","Negative","Not Tested"
230010,"AZ","Theodore Roosevelt Lake","MARINA","R-M",2023-01-18,"2023","January","0","0","Negative","Negative","Negative","Not Tested"
230011,"AZ","Theodore Roosevelt Lake","DAM","R-D",2023-01-18,"2023","January","0","0","Negative","Negative","Negative","Not Tested"
230012,"AZ","Theodore Roosevelt Lake","CHOLLA RECREATION SITE","R-CRS",2023-01-18,"2023","January","0","0","Negative","Negative","Negative","Not Tested"
230013,"AZ","Apache Lake","THREE MILE ISLAND","A-TMI",2023-01-18,"2023","January","19180","6.7835373522278948","Positive","Not Tested","Not Tested","Not Tested"
230014,"AZ","Apache Lake","HORSE MESA DAM 30M","A-D",2023-01-18,"2023","January","34430","19.483394455658512","Positive","Not Tested","Not Tested","Not Tested"
230015,"AZ","Apache Lake","HORSE MESA DAM 5M","A-D",2023-01-18,"2023","January","9320","0.87900685606901607","Positive","Not Tested","Not Tested","Not Tested"
230016,"AZ","Apache Lake","MARINA","A-M",2023-01-18,"2023","January","11330","1.8857260185424045","Positive","Not Tested","Not Tested","Not Tested"
230017,"AZ","Apache Lake","BURNT HORSE CORRAL","A-BHC",2023-01-18,"2023","January","9650","1.5168841489746072","Positive","Not Tested","Not Tested","Not Tested"
230018,"AZ","Canyon Lake","BEER CAN FLATS","C-BCF",2023-01-19,"2023","January","14360","2.5394055364440189","Positive","Not Tested","Not Tested","Not Tested"
230019,"AZ","Canyon Lake","MORMON FLATS DAM 5M","C-D",2023-01-19,"2023","January","797","0.45100974095729984","Positive","Not Tested","Not Tested","Not Tested"
230020,"AZ","Canyon Lake","MORMON FLATS DAM 30M","C-D",2023-01-19,"2023","January","3200","0.30180492912240892","Positive","Not Tested","Not Tested","Not Tested"
230021,"AZ","Canyon Lake","MARINA","C-M",2023-01-19,"2023","January","1163","0.41132710847972065","Positive","Not Tested","Not Tested","Not Tested"
230022,"AZ","Saguaro Lake","BOATERS CAMPGROUND","S-BC",2023-01-19,"2023","January","205","4.1430810582652119E-2","Positive","Not Tested","Not Tested","Not Tested"
230023,"AZ","Saguaro Lake","MARINA AND DAM","S-MD",2023-01-19,"2023","January","1","1.1789255043844098E-4","Positive","Not Tested","Not Tested","Not Tested"
230024,"AZ","Saguaro Lake","BOAT RAMP","S-BR",2023-01-19,"2023","January","1","3.5367765131532301E-4","Positive","Not Tested","Not Tested","Not Tested"
230025,"AZ","Granite Reef Diversion Dam","DOCK","GR-D",2023-01-19,"2023","January","0","0","Negative","Negative","Negative","Not Tested"
230027,"AZ","Bartlett Reservoir","BOATER'S CAMPGROUND","B-BC",2023-02-14,"2023","February","0","0","Negative","Negative","Negative","Not Tested"
230028,"AZ","Bartlett Reservoir","DAM","B-D",2023-02-14,"2023","February","0","0","Negative","Negative","Negative","Not Tested"
230029,"AZ","Bartlett Reservoir","MARINA","B-M",2023-02-14,"2023","February","0","0","Negative","Negative","Negative","Not Tested"
230030,"AZ","Bartlett Reservoir","MAIN BOAT LAUNCH","B-MBL",2023-02-14,"2023","February","0","0","Negative","Negative","Negative","Not Tested"
230032,"AZ","Theodore Roosevelt Lake","WINDY HILL","R-WH",2023-02-15,"2023","February","0","0","Negative","Negative","Negative","Not Tested"
230033,"AZ","Theodore Roosevelt Lake","MARINA","R-M",2023-02-15,"2023","February","0","0","Negative","Negative","Negative","Not Tested"
230034,"AZ","Theodore Roosevelt Lake","DAM","R-D",2023-02-15,"2023","February","0","0","Negative","Negative","Negative","Not Tested"
230035,"AZ","Theodore Roosevelt Lake","CHOLLA RECREATION SITE","R-CRS",2023-02-15,"2023","February","0","0","Negative","Negative","Negative","Not Tested"
230036,"AZ","Apache Lake","THREE MILE ISLAND","A-TMI",2023-02-15,"2023","February","11480","5.4136259161332099","Positive","Not Tested","Not Tested","Not Tested"
230037,"AZ","Apache Lake","HORSE MESA DAM 30M","A-D",2023-02-15,"2023","February","71600","40.517311734683396","Positive","Not Tested","Not Tested","Not Tested"
230038,"AZ","Apache Lake","HORSE MESA DAM 5M","A-D",2023-02-15,"2023","February","11720","1.1053605529108228","Positive","Not Tested","Not Tested","Not Tested"
230039,"AZ","Apache Lake","MARINA","A-M",2023-02-15,"2023","February","6680","2.700076240898694","Positive","Not Tested","Not Tested","Not Tested"
230040,"AZ","Apache Lake","BURNT HORSE CORRAL","A-BHC",2023-02-15,"2023","February","27030","4.2488475178014129","Positive","Not Tested","Not Tested","Not Tested"
230041,"AZ","Canyon Lake","BELOW DAM","C-BD",2023-02-16,"2023","February","706","0.2853673392327063","Positive","Not Tested","Not Tested","Not Tested"
230042,"AZ","Canyon Lake","BEER CAN FLATS","C-BCF",2023-02-16,"2023","February","90300","14.194263072788294","Positive","Not Tested","Not Tested","Not Tested"
230043,"AZ","Canyon Lake","MORMON FLATS DAM 5M","C-D",2023-02-16,"2023","February","2367","1.3394480010613912","Positive","Not Tested","Not Tested","Not Tested"
230044,"AZ","Canyon Lake","MORMON FLATS DAM 30M","C-D",2023-02-16,"2023","February","8830","0.83279297629714721","Positive","Not Tested","Not Tested","Not Tested"
230045,"AZ","Canyon Lake","MARINA","C-M",2023-02-16,"2023","February","Not Yet Analyzed","0.16289382112008591",NA,"Not Tested","Not Tested","Not Tested"
230046,"AZ","Saguaro Lake","BOATERS CAMPGROUND","S-BC",2023-02-16,"2023","February","209","4.5488387153786156E-2","Positive","Not Tested","Not Tested","Not Tested"
230047,"AZ","Saguaro Lake","MARINA AND DAM","S-MD",2023-02-16,"2023","February","1","1.1317684842090334E-4","Positive","Not Tested","Not Tested","Not Tested"
230048,"AZ","Saguaro Lake","BOAT RAMP","S-BR",2023-02-16,"2023","February","0","0","Positive","Not Tested","Not Tested","Not Tested"
230050,"AZ","Granite Reef Diversion Dam","DOCK","GR-D",2023-02-16,"2023","February","0","0","Negative","Negative","Negative","Not Tested"
230052,"AZ","Bartlett Reservoir","BOATER'S CAMPGROUND","B-BC",2023-03-06,"2023","March","0","0","Negative","Negative","Negative","Not Tested"
230053,"AZ","Bartlett Reservoir","DAM","B-D",2023-03-06,"2023","March","0","0","Negative","Negative","Negative","Not Tested"
230054,"AZ","Bartlett Reservoir","MARINA","B-M",2023-03-06,"2023","March","0","0","Negative","Negative","Negative","Not Tested"
230055,"AZ","Bartlett Reservoir","MAIN BOAT LAUNCH","B-MBL",2023-03-06,"2023","March","0","0","Negative","Positive","Positive","Positive"
230056,"AZ","Theodore Roosevelt Lake","WINDY HILL","R-WH",2023-03-07,"2023","March","0","0","Negative","Negative","Negative","Not Tested"
230057,"AZ","Theodore Roosevelt Lake","MARINA","R-M",2023-03-07,"2023","March","0","0","Negative","Negative","Negative","Not Tested"
230058,"AZ","Theodore Roosevelt Lake","DAM","R-D",2023-03-07,"2023","March","0","0","Negative","Negative","Negative","Not Tested"
230059,"AZ","Theodore Roosevelt Lake","CHOLLA RECREATION SITE","R-CRS",2023-03-07,"2023","March","0","0","Negative","Negative","Negative","Not Tested"
230060,"AZ","Apache Lake","THREE MILE ISLAND","A-TMI",2023-03-07,"2023","March","120260","48.609456396777986","Positive","Not Tested","Not Tested","Not Tested"
230061,"AZ","Apache Lake","HORSE MESA DAM 30M","A-D",2023-03-07,"2023","March","296","0.16750173566293697","Positive","Not Tested","Not Tested","Not Tested"
230062,"AZ","Apache Lake","HORSE MESA DAM 5M","A-D",2023-03-07,"2023","March","4500","0.42441318157838759","Positive","Not Tested","Not Tested","Not Tested"
230063,"AZ","Apache Lake","MARINA","A-M",2023-03-07,"2023","March","12550","2.2193272620036519","Positive","Not Tested","Not Tested","Not Tested"
230064,"AZ","Apache Lake","BURNT HORSE CORRAL","A-BHC",2023-03-08,"2023","March","4520","0.71049910397567095","Positive","Not Tested","Not Tested","Not Tested"
230065,"AZ","Canyon Lake","BELOW DAM","C-BD",2023-03-08,"2023","March","9190","4.3337301541170907","Positive","Not Tested","Not Tested","Not Tested"
230066,"AZ","Canyon Lake","BEER CAN FLATS","C-BCF",2023-03-08,"2023","March","211875","29.974180948973622","Positive","Not Tested","Not Tested","Not Tested"
230067,"AZ","Canyon Lake","MORMON FLATS DAM 5M","C-D",2023-03-08,"2023","March","4780","2.7049266772595901","Positive","Not Tested","Not Tested","Not Tested"
230068,"AZ","Canyon Lake","MORMON FLATS DAM 30M","C-D",2023-03-08,"2023","March","13950","1.3156808628930015","Positive","Not Tested","Not Tested","Not Tested"
230069,"AZ","Canyon Lake","MARINA","C-M",2023-03-08,"2023","March","7020","1.1034742721038076","Positive","Not Tested","Not Tested","Not Tested"
230070,"AZ","Saguaro Lake","BOATERS CAMPGROUND","S-BC",2023-03-08,"2023","March","1041","0.2265713446272315","Positive","Not Tested","Not Tested","Not Tested"
230071,"AZ","Saguaro Lake","MARINA AND DAM","S-MD",2023-03-08,"2023","March","22","2.2231166654106014E-3","Positive","Not Tested","Not Tested","Not Tested"
230072,"AZ","Saguaro Lake","BOAT RAMP","S-BR",2023-03-08,"2023","March","4","1.6168121202986194E-3","Positive","Not Tested","Not Tested","Not Tested"
230074,"AZ","Granite Reef Diversion Dam","DOCK","GR-D",2023-03-08,"2023","March","0","0","Negative","Negative","Negative","Not Tested"
230080,"AZ","Bartlett Reservoir","BOATER'S CAMPGROUND","B-BC",2023-04-10,"2023","April","0","0","Negative","Negative","Negative","Not Tested"
230081,"AZ","Bartlett Reservoir","DAM","B-D",2023-04-10,"2023","April","0","0","Negative","Negative","Negative","Not Tested"
230082,"AZ","Bartlett Reservoir","MARINA","B-M",2023-04-10,"2023","April","0","0","Negative","Negative","Negative","Not Tested"
230083,"AZ","Bartlett Reservoir","MAIN BOAT LAUNCH","B-MBL",2023-04-10,"2023","April","0","0","Negative","Negative","Negative","Not Tested"
230085,"AZ","Theodore Roosevelt Lake","WINDY HILL","R-WH",2023-04-11,"2023","April","0","0","Negative","Negative","Negative","Not Tested"
230086,"AZ","Theodore Roosevelt Lake","MARINA","R-M",2023-04-11,"2023","April","0","0","Negative","Negative","Negative","Not Tested"
230087,"AZ","Theodore Roosevelt Lake","DAM","R-D",2023-04-11,"2023","April","0","0","Negative","Negative","Negative","Not Tested"
230088,"AZ","Theodore Roosevelt Lake","CHOLLA RECREATION SITE","R-CRS",2023-04-11,"2023","April","0","0","Negative","Negative","Negative","Not Tested"
230089,"AZ","Apache Lake","THREE MILE ISLAND","A-TMI",2023-04-11,"2023","April","0","0","Negative","Not Tested","Not Tested","Not Tested"
230090,"AZ","Apache Lake","HORSE MESA DAM 5M","A-D",2023-04-11,"2023","April","538","0.30444572225222999","Positive","Not Tested","Not Tested","Not Tested"
230091,"AZ","Apache Lake","HORSE MESA DAM 30M","A-D",2023-04-11,"2023","April","29350","2.7681170842945946","Positive","Not Tested","Not Tested","Not Tested"
230092,"AZ","Apache Lake","MARINA","A-M",2023-04-12,"2023","April","112600","24.50714063883407","Positive","Not Tested","Not Tested","Not Tested"
230093,"AZ","Apache Lake","BURNT HORSE CORRAL","A-BHC",2023-04-12,"2023","April","8483","1.3334433404923931","Positive","Not Tested","Not Tested","Not Tested"
230094,"AZ","Canyon Lake","BEACH BELOW HORSE MESA DAM","C-BD",2023-04-12,"2023","April","0","0","Negative","Not Tested","Not Tested","Not Tested"
230095,"AZ","Canyon Lake","BEER CAN FLATS","C-BCF",2023-04-12,"2023","April","7733","1.4586609480647428","Positive","Not Tested","Not Tested","Not Tested"
230096,"AZ","Canyon Lake","MORMON FLATS DAM 5M","C-D",2023-04-12,"2023","April","0","0","Negative","Not Tested","Not Tested","Not Tested"
230097,"AZ","Canyon Lake","MORMON FLATS DAM 30M","C-D",2023-04-12,"2023","April","0","0","Negative","Not Tested","Not Tested","Not Tested"
230098,"AZ","Canyon Lake","MARINA","C-M",2023-04-12,"2023","April","3600","0.63661977236758138","Positive","Not Tested","Not Tested","Not Tested"
230099,"AZ","Saguaro Lake","BOATERS CAMPGROUND","S-BC",2023-04-12,"2023","April","47460","9.5917379036715591","Positive","Not Tested","Not Tested","Not Tested"
230100,"AZ","Saguaro Lake","MARINA AND DAM","S-MD",2023-04-12,"2023","April","31200","3.5311176707321845","Positive","Not Tested","Not Tested","Not Tested"
230101,"AZ","Saguaro Lake","BOAT RAMP","S-BR",2023-04-12,"2023","April","31200","9.8086601964782894","Positive","Not Tested","Not Tested","Not Tested"
230103,"AZ","Granite Reef Diversion Dam","DOCK","GR-D",2023-04-12,"2023","April","35860","14.494720658477123","Positive","Positive","Negative","Not Tested"
230178,"AZ","Bartlett Reservoir","BOATER'S CAMPGROUND","B-BC",2023-05-08,"2023","May","0","0","Negative","Negative","Negative","Not Tested"
230179,"AZ","Bartlett Reservoir","DAM","B-D",2023-05-08,"2023","May","0","0","Negative","Negative","Negative","Not Tested"
230180,"AZ","Bartlett Reservoir","MARINA","B-M",2023-05-08,"2023","May","0","0","Negative","Negative","Negative","Not Tested"
230181,"AZ","Bartlett Reservoir","MAIN BOAT LAUNCH","B-MBL",2023-05-08,"2023","May","0","0","Negative","Negative","Negative","Not Tested"
230183,"AZ","Theodore Roosevelt Lake","WINDY HILL","R-WH",2023-05-09,"2023","May","0","0","Negative","Negative","Negative","Not Tested"
230184,"AZ","Theodore Roosevelt Lake","MARINA","R-M",2023-05-09,"2023","May","0","0","Negative","Negative","Negative","Not Tested"
230185,"AZ","Theodore Roosevelt Lake","DAM","R-D",2023-05-09,"2023","May","0","0","Negative","Negative","Negative","Not Tested"
230186,"AZ","Theodore Roosevelt Lake","CHOLLA RECREATION SITE","R-CRS",2023-05-09,"2023","May","0","0","Negative","Negative","Negative","Not Tested"
230187,"AZ","Apache Lake","THREE MILE ISLAND","A-TMI",2023-05-09,"2023","May","4783","2.2555202749882528","Positive","Not Tested","Not Tested","Not Tested"
230188,"AZ","Apache Lake","HORSE MESA DAM","A-D",2023-05-09,"2023","May","35466","20.069650530478789","Positive","Not Tested","Not Tested","Not Tested"
230189,"AZ","Apache Lake","HORSE MESA DAM","A-D",2023-05-09,"2023","May","0","0","Positive","Not Tested","Not Tested","Not Tested"
230190,"AZ","Apache Lake","MARINA","A-M",2023-05-09,"2023","May","318","6.4268281781870121E-2","Positive","Not Tested","Not Tested","Not Tested"
230191,"AZ","Apache Lake","BURNT HORSE CORRAL","A-BHC",2023-05-10,"2023","May","126300","19.853105493833461","Positive","Not Tested","Not Tested","Not Tested"
230192,"AZ","Canyon Lake","BEACH BELOW HORSE MESA DAM","C-BD",2023-05-10,"2023","May","6170","2.9095881448207233","Positive","Not Tested","Not Tested","Not Tested"
230193,"AZ","Canyon Lake","BEER CAN FLATS","C-BCF",2023-05-10,"2023","May","73560","12.243072014473016","Positive","Not Tested","Not Tested","Not Tested"
230194,"AZ","Canyon Lake","MORMON FLATS DAM","C-D",2023-05-10,"2023","May","48840","27.637786384384597","Positive","Not Tested","Not Tested","Not Tested"
230195,"AZ","Canyon Lake","MORMON FLATS DAM","C-D",2023-05-10,"2023","May","300000","94.313946036712437","Positive","Not Tested","Not Tested","Not Tested"
230196,"AZ","Canyon Lake","MARINA","C-M",2023-05-10,"2023","May","32350","10.170197351156176","Positive","Not Tested","Not Tested","Not Tested"
230197,"AZ","Saguaro Lake","BOATERS CAMPGROUND","S-BC",2023-05-10,"2023","May","150300","32.712462149349562","Positive","Not Tested","Not Tested","Not Tested"
230198,"AZ","Saguaro Lake","MARINA AND DAM","S-MD",2023-05-10,"2023","May","70950","6.6915811628859112","Positive","Not Tested","Not Tested","Not Tested"
230199,"AZ","Saguaro Lake","BOAT RAMP","S-BR",2023-05-10,"2023","May","2706","0.95705172445926401","Positive","Not Tested","Not Tested","Not Tested"
230200,"AZ","Granite Reef Diversion Dam","DOCK","GR-D",2023-05-10,"2023","May","533","0.21544021502979102","Positive","Not Tested","Not Tested","Not Tested"
230423,"AZ","Bartlett Reservoir","BOATER'S CAMPGROUND","B-BC",2023-06-06,"2023","June","0","0","Negative","Not yet analyzed","Not yet analyzed",NA
230424,"AZ","Bartlett Reservoir","DAM","B-D",2023-06-06,"2023","June","0","0","Negative","Not yet analyzed","Not yet analyzed",NA
230425,"AZ","Bartlett Reservoir","MARINA","B-M",2023-06-06,"2023","June","0","0","Negative","Not yet analyzed","Not yet analyzed",NA
230426,"AZ","Bartlett Reservoir","MAIN BOAT LAUNCH","B-MBL",2023-06-06,"2023","June","0","0","Negative","Not yet analyzed","Not yet analyzed",NA
230428,"AZ","Theodore Roosevelt Lake","WINDY HILL","R-WH",2023-06-07,"2023","June","0","0","Negative","Not yet analyzed","Not yet analyzed",NA
230429,"AZ","Theodore Roosevelt Lake","MARINA","R-M",2023-06-07,"2023","June","0","0","Negative","Not yet analyzed","Not yet analyzed",NA
230430,"AZ","Theodore Roosevelt Lake","DAM","R-D",2023-06-07,"2023","June","0","0","Negative","Not yet analyzed","Not yet analyzed",NA
230431,"AZ","Theodore Roosevelt Lake","CHOLLA RECREATION SITE","R-CRS",2023-06-07,"2023","June","0","0","Negative","Not yet analyzed","Not yet analyzed",NA
230432,"AZ","Apache Lake","THREE MILE ISLAND","A-TMI",2023-06-07,"2023","June","70286","33.144783200465049","Positive","Not Tested","Not Tested","Not Tested"
230433,"AZ","Apache Lake","HORSE MESA DAM 5M","A-D",2023-06-07,"2023","June","60000","33.953054526271004","Positive","Not Tested","Not Tested","Not Tested"
230434,"AZ","Apache Lake","HORSE MESA DAM 30M","A-D",2023-06-07,"2023","June","48549","4.5788523449886975","Positive","Not Tested","Not Tested","Not Tested"
230435,"AZ","Apache Lake","MARINA","A-M",2023-06-07,"2023","June","39300","12.355139285948615","Positive","Not Tested","Not Tested","Not Tested"
230436,"AZ","Apache Lake","BURNT HORSE CORRAL","A-BHC",2023-06-07,"2023","June","653250","115.51996286086737","Positive","Not Tested","Not Tested","Not Tested"
230437,"AZ","Canyon Lake","BEACH BELOW HORSE MESA DAM","C-BD",2023-06-08,"2023","June","2283","1.076594770603843","Positive","Not Tested","Not Tested","Not Tested"
230438,"AZ","Canyon Lake","BEER CAN FLATS","C-BCF",2023-06-08,"2023","June","1950000","344.83571003243992","Positive","Not Tested","Not Tested","Not Tested"
230439,"AZ","Canyon Lake","MORMON FLATS DAM 5M","C-D",2023-06-08,"2023","June","56200","31.80269440627384","Positive","Not Tested","Not Tested","Not Tested"
230440,"AZ","Canyon Lake","MORMON FLATS DAM 30M","C-D",2023-06-08,"2023","June","69948","6.5970784944544567","Positive","Not Tested","Not Tested","Not Tested"
230441,"AZ","Canyon Lake","MARINA","C-M",2023-06-08,"2023","June","331950","55.248610048998337","Positive","Not Tested","Not Tested","Not Tested"
230442,"AZ","Saguaro Lake","BOATERS CAMPGROUND","S-BC",2023-06-08,"2023","June","41733","9.0830950291337675","Positive","Not Tested","Not Tested","Not Tested"
230443,"AZ","Saguaro Lake","MARINA AND DAM","S-MD",2023-06-08,"2023","June","2700","0.26342887132451637","Positive","Not Tested","Not Tested","Not Tested"
230444,"AZ","Saguaro Lake","BOAT RAMP","S-BR",2023-06-08,"2023","June","4","1.6168121202986194E-3","Positive","Not Tested","Not Tested","Not Tested"
230445,"AZ","Granite Reef Diversion Dam","DOCK","GR-D",2023-06-08,"2023","June","30","1.061032953945969E-2","Positive","Not Tested","Not Tested","Not Tested"
230803,"AZ","Bartlett Reservoir","BOATER'S CAMPGROUND","B-BC",2023-07-11,"2023","July","0","0","Negative","Not yet analyzed","Not yet analyzed",NA
230804,"AZ","Bartlett Reservoir","DAM","B-D",2023-07-11,"2023","July","0","0","Negative","Not yet analyzed","Not yet analyzed",NA
230805,"AZ","Bartlett Reservoir","MARINA","B-M",2023-07-11,"2023","July","0","0","Negative","Not yet analyzed","Not yet analyzed",NA
230806,"AZ","Bartlett Reservoir","MAIN BOAT LAUNCH","B-MBL",2023-07-11,"2023","July","0","0","Negative","Not yet analyzed","Not yet analyzed",NA
230808,"AZ","Theodore Roosevelt Lake","WINDY HILL","R-WH",2023-07-12,"2023","July","0","0","Negative","Not yet analyzed","Not yet analyzed",NA
230809,"AZ","Theodore Roosevelt Lake","MARINA","R-M",2023-07-12,"2023","July","0","0","Negative","Not yet analyzed","Not yet analyzed",NA
230810,"AZ","Theodore Roosevelt Lake","DAM","R-D",2023-07-12,"2023","July","0","0","Negative","Not yet analyzed","Not yet analyzed",NA
230811,"AZ","Theodore Roosevelt Lake","CHOLLA RECREATION SITE","R-CRS",2023-07-12,"2023","July","0","0","Negative","Not yet analyzed","Not yet analyzed",NA
230812,"AZ","Apache Lake","THREE MILE ISLAND","A-TMI",2023-07-12,"2023","July","6","2.1220659078919381E-3","Positive","Not Tested","Not Tested","Not Tested"
230813,"AZ","Apache Lake","HORSE MESA DAM 5M","A-D",2023-07-12,"2023","July","3000","1.6976527263135501","Positive","Not Tested","Not Tested","Not Tested"
230814,"AZ","Apache Lake","HORSE MESA DAM 30M","A-D",2023-07-12,"2023","July","8330","0.78563595612177073","Positive","Not Tested","Not Tested","Not Tested"
230815,"AZ","Apache Lake","MARINA","A-M",2023-07-12,"2023","July","3550","1.116049477483908","Positive","Not Tested","Not Tested","Not Tested"
230816,"AZ","Apache Lake","BURNT HORSE CORRAL","A-BHC",2023-07-12,"2023","July","14850","2.6260565610162732","Positive","Not Tested","Not Tested","Not Tested"
230817,"AZ","Canyon Lake","BEACH BELOW HORSE MESA DAM","C-BD",2023-07-13,"2023","July","4886","2.7649104069226689","Positive","Not Tested","Not Tested","Not Tested"
230818,"AZ","Canyon Lake","BEER CAN FLATS","C-BCF",2023-07-13,"2023","July","45350","7.5478971704234814","Positive","Not Tested","Not Tested","Not Tested"
230819,"AZ","Canyon Lake","MORMON FLATS DAM 5M","C-D",2023-07-13,"2023","July","7433","4.2062175715628731","Positive","Not Tested","Not Tested","Not Tested"
230820,"AZ","Canyon Lake","MORMON FLATS DAM 30M","C-D",2023-07-13,"2023","July","20450","1.9287221251728945","Positive","Not Tested","Not Tested","Not Tested"
230821,"AZ","Canyon Lake","MARINA","C-M",2023-07-13,"2023","July","10080","1.6776803412980967","Positive","Not Tested","Not Tested","Not Tested"
230822,"AZ","Saguaro Lake","BOATERS CAMPGROUND","S-BC",2023-07-13,"2023","July","17380","3.7827185106832695","Positive","Not Tested","Not Tested","Not Tested"
230823,"AZ","Saguaro Lake","MARINA AND DAM","S-MD",2023-07-13,"2023","July","277","2.7991059832669845E-2","Positive","Not Tested","Not Tested","Not Tested"
230824,"AZ","Saguaro Lake","BOAT RAMP","S-BR",2023-07-13,"2023","July","9","3.6378272706718935E-3","Positive","Not Tested","Not Tested","Not Tested"
230825,"AZ","Granite Reef Diversion Dam","DOCK","GR-D",2023-07-13,"2023","July","0","0","Negative","Not Tested","Not Tested","Not Tested"
231322,"AZ","Bartlett Reservoir","BOATER'S CAMPGROUND","B-BC",2023-08-08,"2023","August","Not yet analyzed","Missing",NA,"Not yet analyzed","Not yet analyzed",NA
231323,"AZ","Bartlett Reservoir","DAM","B-D",2023-08-08,"2023","August","Not yet analyzed","Missing",NA,"Not yet analyzed","Not yet analyzed",NA
231324,"AZ","Bartlett Reservoir","MARINA","B-M",2023-08-08,"2023","August","Not yet analyzed","Missing",NA,"Not yet analyzed","Not yet analyzed",NA
231325,"AZ","Bartlett Reservoir","MAIN BOAT LAUNCH","B-MBL",2023-08-08,"2023","August","Not yet analyzed","Missing",NA,"Not yet analyzed","Not yet analyzed",NA
231327,"AZ","Theodore Roosevelt Lake","WINDY HILL","R-WH",2023-08-09,"2023","August","Not yet analyzed","Missing",NA,"Not yet analyzed","Not yet analyzed",NA
231328,"AZ","Theodore Roosevelt Lake","MARINA","R-M",2023-08-09,"2023","August","Not yet analyzed","Missing",NA,"Not yet analyzed","Not yet analyzed",NA
231329,"AZ","Theodore Roosevelt Lake","DAM","R-D",2023-08-09,"2023","August","Not yet analyzed","Missing",NA,"Not yet analyzed","Not yet analyzed",NA
231330,"AZ","Theodore Roosevelt Lake","CHOLLA RECREATION SITE","R-CRS",2023-08-09,"2023","August","Not yet analyzed","Missing",NA,"Not yet analyzed","Not yet analyzed",NA
231331,"AZ","Apache Lake","THREE MILE ISLAND","A-TMI",2023-08-09,"2023","August","Not yet analyzed","3.4306732177586327E-2",NA,"Not Tested","Not Tested","Not Tested"
231332,"AZ","Apache Lake","HORSE MESA DAM 5M","A-D",2023-08-09,"2023","August","Not yet analyzed","32.481755496799259",NA,"Not Tested","Not Tested","Not Tested"
231333,"AZ","Apache Lake","HORSE MESA DAM 30M","A-D",2023-08-09,"2023","August","Not yet analyzed","4.364853787432839",NA,"Not Tested","Not Tested","Not Tested"
231334,"AZ","Apache Lake","MARINA","A-M",2023-08-09,"2023","August","Not yet analyzed","0.21157783052018875",NA,"Not Tested","Not Tested","Not Tested"
231335,"AZ","Apache Lake","BURNT HORSE CORRAL","A-BHC",2023-08-09,"2023","August","Not yet analyzed","31.556368324416585",NA,"Not Tested","Not Tested","Not Tested"
231336,"AZ","Canyon Lake","BEACH BELOW HORSE MESA DAM","C-BD",2023-08-10,"2023","August","Not yet analyzed","1.9541869160675978",NA,"Not Tested","Not Tested","Not Tested"
231337,"AZ","Canyon Lake","BEER CAN FLATS","C-BCF",2023-08-10,"2023","August","Not yet analyzed","4.6628861549412184",NA,"Not Tested","Not Tested","Not Tested"
231338,"AZ","Canyon Lake","MORMON FLATS DAM 5M","C-D",2023-08-10,"2023","August","Not yet analyzed","15.561816657874211",NA,"Not Tested","Not Tested","Not Tested"
231339,"AZ","Canyon Lake","MORMON FLATS DAM 30M","C-D",2023-08-10,"2023","August","Not yet analyzed","2.0622708063095607",NA,"Not Tested","Not Tested","Not Tested"
231340,"AZ","Canyon Lake","MARINA","C-M",2023-08-10,"2023","August","Not yet analyzed","1.822480132660135",NA,"Not Tested","Not Tested","Not Tested"
231341,"AZ","Saguaro Lake","BOATERS CAMPGROUND","S-BC",2023-08-10,"2023","August","Not yet analyzed","2.9491274925062316",NA,"Not Tested","Not Tested","Not Tested"
231342,"AZ","Saguaro Lake","MARINA AND DAM","S-MD",2023-08-10,"2023","August","Not yet analyzed","1.8732719738632275E-2",NA,"Not Tested","Not Tested","Not Tested"
231343,"AZ","Saguaro Lake","BOAT RAMP","S-BR",2023-08-10,"2023","August","Not yet analyzed","2.8294212105225837E-3",NA,"Not Tested","Not Tested","Not Tested"
231344,"AZ","Granite Reef Diversion Dam","DOCK","GR-D",2023-08-10,"2023","August","Not yet analyzed","0",NA,"Not Tested","Not Tested","Not Tested"
